host_time,gps_time,onboard_ms,seq,flight_state,baro_alt_m,vspeed_ms,gps_lat,gps_lon,gps_alt_m,gps_sats,gps_fix,tilt_deg,vbat_v,continuity,pyro_fired,sd_ok,armed
2026-07-06T09:00:00.000+00:00,2026-07-06T09:00:00.000+00:00,0,1,PAD,0,0.0,3.2437,101.7061,40,11,3,2,8.0,1,0,1,1
2026-07-06T09:00:00.250+00:00,2026-07-06T09:00:00.250+00:00,250,2,PAD,0,0.0,3.2437,101.7061,40,11,3,2,8.0,1,0,1,1
2026-07-06T09:00:00.500+00:00,2026-07-06T09:00:00.500+00:00,500,3,PAD,0,0.0,3.2437,101.7061,40,11,3,2,8.0,1,0,1,1
2026-07-06T09:00:00.750+00:00,2026-07-06T09:00:00.750+00:00,750,4,PAD,0,0.0,3.2437,101.7061,40,11,3,3,8.0,1,0,1,1
2026-07-06T09:00:01.000+00:00,2026-07-06T09:00:01.000+00:00,1000,5,PAD,0,0.0,3.2437,101.7061,40,11,3,3,8.0,1,0,1,1
2026-07-06T09:00:01.250+00:00,2026-07-06T09:00:01.250+00:00,1250,6,PAD,0,0.0,3.2437,101.7061,40,11,3,3,8.0,1,0,1,1
2026-07-06T09:00:01.500+00:00,2026-07-06T09:00:01.500+00:00,1500,7,PAD,0,0.0,3.2437,101.7061,40,11,3,3,8.0,1,0,1,1
2026-07-06T09:00:01.750+00:00,2026-07-06T09:00:01.750+00:00,1750,8,PAD,0,0.0,3.2437,101.7061,40,11,3,3,8.0,1,0,1,1
2026-07-06T09:00:02.000+00:00,2026-07-06T09:00:02.000+00:00,2000,9,PAD,0,0.0,3.2437,101.7061,40,11,3,3,8.0,1,0,1,1
2026-07-06T09:00:02.250+00:00,2026-07-06T09:00:02.250+00:00,2250,10,PAD,0,0.0,3.2437,101.7061,40,11,3,3,8.0,1,0,1,1
2026-07-06T09:00:02.500+00:00,2026-07-06T09:00:02.500+00:00,2500,11,PAD,0,0.0,3.2437,101.7061,40,11,3,3,8.0,1,0,1,1
2026-07-06T09:00:02.750+00:00,2026-07-06T09:00:02.750+00:00,2750,12,PAD,0,0.0,3.2437,101.7061,40,11,3,2,8.0,1,0,1,1
2026-07-06T09:00:03.000+00:00,2026-07-06T09:00:03.000+00:00,3000,13,PAD,0,0.0,3.2437,101.7061,40,11,3,2,8.0,1,0,1,1
2026-07-06T09:00:03.250+00:00,2026-07-06T09:00:03.250+00:00,3250,14,PAD,0,0.0,3.2437,101.7061,40,11,3,1,8.0,1,0,1,1
2026-07-06T09:00:03.500+00:00,2026-07-06T09:00:03.500+00:00,3500,15,PAD,0,0.0,3.2437,101.7061,40,11,3,1,8.0,1,0,1,1
2026-07-06T09:00:03.750+00:00,2026-07-06T09:00:03.750+00:00,3750,16,PAD,0,0.0,3.2437,101.7061,40,11,3,0,8.0,1,0,1,1
2026-07-06T09:00:04.000+00:00,2026-07-06T09:00:04.000+00:00,4000,17,PAD,0,0.0,3.2437,101.7061,40,11,3,0,8.0,1,0,1,1
2026-07-06T09:00:04.250+00:00,2026-07-06T09:00:04.250+00:00,4250,18,PAD,0,0.0,3.2437,101.7061,40,11,3,0,8.0,1,0,1,1
2026-07-06T09:00:04.500+00:00,2026-07-06T09:00:04.500+00:00,4500,19,PAD,0,0.0,3.2437,101.7061,40,11,3,0,8.0,1,0,1,1
2026-07-06T09:00:05.000+00:00,2026-07-06T09:00:05.000+00:00,5000,21,BOOST,4,17.2,3.2437034,101.706109,44,11,3,0,8.0,1,0,1,1
2026-07-06T09:00:05.250+00:00,2026-07-06T09:00:05.250+00:00,5250,22,BOOST,13,34.3,3.2437067,101.706118,53,11,3,0,8.0,1,0,1,1
2026-07-06T09:00:05.500+00:00,2026-07-06T09:00:05.500+00:00,5500,23,BOOST,26,51.5,3.2437101,101.706127,66,11,3,0,8.0,1,0,1,1
2026-07-06T09:00:05.750+00:00,2026-07-06T09:00:05.750+00:00,5750,24,BOOST,43,68.7,3.2437135,101.706136,83,11,3,0,8.0,1,0,1,1
2026-07-06T09:00:06.000+00:00,2026-07-06T09:00:06.000+00:00,6000,25,BOOST,64,85.8,3.2437168,101.706145,104,11,3,1,8.0,1,0,1,1
2026-07-06T09:00:06.250+00:00,2026-07-06T09:00:06.250+00:00,6250,26,BOOST,90,103.0,3.2437202,101.706154,130,11,3,1,8.0,1,0,1,1
2026-07-06T09:00:06.500+00:00,2026-07-06T09:00:06.500+00:00,6500,27,BOOST,120,120.2,3.2437236,101.706163,160,11,3,2,8.0,1,0,1,1
2026-07-06T09:00:06.750+00:00,2026-07-06T09:00:06.750+00:00,6750,28,BOOST,155,137.3,3.2437269,101.706172,195,11,3,2,8.0,1,0,1,1
2026-07-06T09:00:07.000+00:00,2026-07-06T09:00:07.000+00:00,7000,29,BOOST,193,154.5,3.2437303,101.706181,233,11,3,3,8.0,1,0,1,1
2026-07-06T09:00:07.250+00:00,2026-07-06T09:00:07.250+00:00,7250,30,COAST,231,152.1,3.2437337,101.70619,271,11,3,3,8.0,1,0,1,1
2026-07-06T09:00:07.500+00:00,2026-07-06T09:00:07.500+00:00,7500,31,COAST,269,149.6,3.2437371,101.706199,309,11,3,3,8.0,1,0,1,1
2026-07-06T09:00:07.750+00:00,2026-07-06T09:00:07.750+00:00,7750,32,COAST,305,147.2,3.2437404,101.706208,345,11,3,3,8.0,1,0,1,1
2026-07-06T09:00:08.000+00:00,2026-07-06T09:00:08.000+00:00,8000,33,COAST,342,144.7,3.2437438,101.706217,382,11,3,3,8.0,1,0,1,1
2026-07-06T09:00:08.250+00:00,2026-07-06T09:00:08.250+00:00,8250,34,COAST,377,142.2,3.2437472,101.706226,417,11,3,3,8.0,1,0,1,1
2026-07-06T09:00:08.500+00:00,2026-07-06T09:00:08.500+00:00,8500,35,COAST,412,139.8,3.2437505,101.706235,452,11,3,3,8.0,1,0,1,1
2026-07-06T09:00:08.750+00:00,2026-07-06T09:00:08.750+00:00,8750,36,COAST,446,137.3,3.2437539,101.706244,486,11,3,3,8.0,1,0,1,1
2026-07-06T09:00:09.000+00:00,2026-07-06T09:00:09.000+00:00,9000,37,COAST,480,134.9,3.2437573,101.706253,520,11,3,2,8.0,1,0,1,1
2026-07-06T09:00:09.250+00:00,2026-07-06T09:00:09.250+00:00,9250,38,COAST,513,132.4,3.2437606,101.706262,553,11,3,2,8.0,1,0,1,1
2026-07-06T09:00:09.500+00:00,2026-07-06T09:00:09.500+00:00,9500,39,COAST,546,130.0,3.243764,101.706271,586,11,3,1,8.0,1,0,1,1
2026-07-06T09:00:09.750+00:00,2026-07-06T09:00:09.750+00:00,9750,40,COAST,578,127.5,3.2437674,101.70628,618,11,3,1,8.0,1,0,1,1
2026-07-06T09:00:10.000+00:00,2026-07-06T09:00:10.000+00:00,10000,41,COAST,609,125.1,3.2437707,101.7062889,649,11,3,0,8.0,1,0,1,1
2026-07-06T09:00:10.250+00:00,2026-07-06T09:00:10.250+00:00,10250,42,COAST,639,122.6,3.2437741,101.7062979,679,11,3,0,8.0,1,0,1,1
2026-07-06T09:00:10.500+00:00,2026-07-06T09:00:10.500+00:00,10500,43,COAST,670,120.2,3.2437775,101.7063069,710,11,3,0,8.0,1,0,1,1
2026-07-06T09:00:10.750+00:00,2026-07-06T09:00:10.750+00:00,10750,44,COAST,699,117.7,3.2437808,101.7063159,739,11,3,0,8.0,1,0,1,1
2026-07-06T09:00:11.000+00:00,2026-07-06T09:00:11.000+00:00,11000,45,COAST,728,115.3,3.2437842,101.7063249,768,11,3,0,8.0,1,0,1,1
2026-07-06T09:00:11.250+00:00,2026-07-06T09:00:11.250+00:00,11250,46,COAST,756,112.8,3.2437876,101.7063339,796,11,3,0,8.0,1,0,1,1
2026-07-06T09:00:11.500+00:00,2026-07-06T09:00:11.500+00:00,11500,47,COAST,784,110.4,3.243791,101.7063429,824,11,3,0,8.0,1,0,1,1
2026-07-06T09:00:11.750+00:00,2026-07-06T09:00:11.750+00:00,11750,48,COAST,811,107.9,3.2437943,101.7063519,851,11,3,0,8.0,1,0,1,1
2026-07-06T09:00:12.000+00:00,2026-07-06T09:00:12.000+00:00,12000,49,COAST,837,105.5,3.2437977,101.7063609,877,11,3,0,8.0,1,0,1,1
2026-07-06T09:00:12.250+00:00,2026-07-06T09:00:12.250+00:00,12250,50,COAST,863,103.0,3.2438011,101.7063699,903,11,3,1,8.0,1,0,1,1
2026-07-06T09:00:12.500+00:00,2026-07-06T09:00:12.500+00:00,12500,51,COAST,888,100.6,3.2438044,101.7063789,928,11,3,1,8.0,1,0,1,1
2026-07-06T09:00:12.750+00:00,2026-07-06T09:00:12.750+00:00,12750,52,COAST,912,98.1,3.2438078,101.7063879,952,11,3,2,8.0,1,0,1,1
2026-07-06T09:00:13.000+00:00,2026-07-06T09:00:13.000+00:00,13000,53,COAST,936,95.6,3.2438112,101.7063969,976,11,3,2,8.0,1,0,1,1
2026-07-06T09:00:13.250+00:00,2026-07-06T09:00:13.250+00:00,13250,54,COAST,960,93.2,3.2438145,101.7064059,1000,11,3,3,8.0,1,0,1,1
2026-07-06T09:00:13.500+00:00,2026-07-06T09:00:13.500+00:00,13500,55,COAST,982,90.7,3.2438179,101.7064149,1022,11,3,3,8.0,1,0,1,1
2026-07-06T09:00:13.750+00:00,2026-07-06T09:00:13.750+00:00,13750,56,COAST,1004,88.3,3.2438213,101.7064239,1044,11,3,3,8.0,1,0,1,1
2026-07-06T09:00:14.000+00:00,2026-07-06T09:00:14.000+00:00,14000,57,COAST,1026,85.8,3.2438246,101.7064329,1066,11,3,3,8.0,1,0,1,1
2026-07-06T09:00:14.250+00:00,2026-07-06T09:00:14.250+00:00,14250,58,COAST,1047,83.4,3.243828,101.7064419,1087,11,3,3,8.0,1,0,1,1
2026-07-06T09:00:14.500+00:00,2026-07-06T09:00:14.500+00:00,14500,59,COAST,1067,80.9,3.2438314,101.7064509,1107,11,3,3,8.0,1,0,1,1
2026-07-06T09:00:14.750+00:00,2026-07-06T09:00:14.750+00:00,14750,60,COAST,1086,78.5,3.2438347,101.7064599,1126,11,3,3,8.0,1,0,1,1
2026-07-06T09:00:15.000+00:00,2026-07-06T09:00:15.000+00:00,15000,61,COAST,1105,76.0,3.2438381,101.7064689,1145,11,3,3,8.0,1,0,1,1
2026-07-06T09:00:15.250+00:00,2026-07-06T09:00:15.250+00:00,15250,62,COAST,1124,73.6,3.2438415,101.7064779,1164,11,3,2,8.0,1,0,1,1
2026-07-06T09:00:15.500+00:00,2026-07-06T09:00:15.500+00:00,15500,63,COAST,1142,71.1,3.2438449,101.7064869,1182,11,3,2,8.0,1,0,1,1
2026-07-06T09:00:15.750+00:00,2026-07-06T09:00:15.750+00:00,15750,64,COAST,1159,68.7,3.2438482,101.7064959,1199,11,3,1,8.0,1,0,1,1
2026-07-06T09:00:16.000+00:00,2026-07-06T09:00:16.000+00:00,16000,65,COAST,1175,66.2,3.2438516,101.7065049,1215,11,3,1,8.0,1,0,1,1
2026-07-06T09:00:16.250+00:00,2026-07-06T09:00:16.250+00:00,16250,66,COAST,1191,63.8,3.243855,101.7065139,1231,11,3,0,8.0,1,0,1,1
2026-07-06T09:00:16.500+00:00,2026-07-06T09:00:16.500+00:00,16500,67,COAST,1207,61.3,3.2438583,101.7065229,1247,11,3,0,8.0,1,0,1,1
2026-07-06T09:00:17.000+00:00,2026-07-06T09:00:17.000+00:00,17000,69,COAST,1235,56.4,3.2438651,101.7065409,1275,11,3,0,8.0,1,0,1,1
2026-07-06T09:00:17.250+00:00,2026-07-06T09:00:17.250+00:00,17250,70,COAST,1249,54.0,3.2438684,101.7065499,1289,11,3,0,8.0,1,0,1,1
2026-07-06T09:00:17.500+00:00,2026-07-06T09:00:17.500+00:00,17500,71,COAST,1262,51.5,3.2438718,101.7065589,1302,11,3,0,8.0,1,0,1,1
2026-07-06T09:00:17.750+00:00,2026-07-06T09:00:17.750+00:00,17750,72,COAST,1274,49.1,3.2438752,101.7065679,1314,11,3,0,8.0,1,0,1,1
2026-07-06T09:00:18.000+00:00,2026-07-06T09:00:18.000+00:00,18000,73,COAST,1286,46.6,3.2438785,101.7065769,1326,11,3,0,8.0,1,0,1,1
2026-07-06T09:00:18.250+00:00,2026-07-06T09:00:18.250+00:00,18250,74,COAST,1297,44.1,3.2438819,101.7065859,1337,11,3,0,8.0,1,0,1,1
2026-07-06T09:00:18.500+00:00,2026-07-06T09:00:18.500+00:00,18500,75,COAST,1307,41.7,3.2438853,101.7065949,1347,11,3,1,8.0,1,0,1,1
2026-07-06T09:00:18.750+00:00,2026-07-06T09:00:18.750+00:00,18750,76,COAST,1317,39.2,3.2438886,101.7066039,1357,11,3,1,8.0,1,0,1,1
2026-07-06T09:00:19.000+00:00,2026-07-06T09:00:19.000+00:00,19000,77,COAST,1326,36.8,3.243892,101.7066129,1366,11,3,2,8.0,1,0,1,1
2026-07-06T09:00:19.250+00:00,2026-07-06T09:00:19.250+00:00,19250,78,COAST,1335,34.3,3.2438954,101.7066219,1375,11,3,2,8.0,1,0,1,1
2026-07-06T09:00:19.500+00:00,2026-07-06T09:00:19.500+00:00,19500,79,COAST,1343,31.9,3.2438988,101.7066309,1383,11,3,3,8.0,1,0,1,1
2026-07-06T09:00:19.750+00:00,2026-07-06T09:00:19.750+00:00,19750,80,COAST,1350,29.4,3.2439021,101.7066399,1390,11,3,3,8.0,1,0,1,1
2026-07-06T09:00:20.000+00:00,2026-07-06T09:00:20.000+00:00,20000,81,COAST,1357,27.0,3.2439055,101.7066488,1397,11,3,3,8.0,1,0,1,1
2026-07-06T09:00:20.250+00:00,2026-07-06T09:00:20.250+00:00,20250,82,COAST,1363,24.5,3.2439089,101.7066578,1403,11,3,3,8.0,1,0,1,1
2026-07-06T09:00:20.500+00:00,2026-07-06T09:00:20.500+00:00,20500,83,COAST,1368,22.1,3.2439122,101.7066668,1408,11,3,3,8.0,1,0,1,1
2026-07-06T09:00:20.750+00:00,2026-07-06T09:00:20.750+00:00,20750,84,COAST,1373,19.6,3.2439156,101.7066758,1413,11,3,3,7.9,1,0,1,1
2026-07-06T09:00:21.000+00:00,2026-07-06T09:00:21.000+00:00,21000,85,COAST,1378,17.2,3.243919,101.7066848,1418,11,3,3,7.9,1,0,1,1
2026-07-06T09:00:21.250+00:00,2026-07-06T09:00:21.250+00:00,21250,86,COAST,1381,14.7,3.2439223,101.7066938,1421,11,3,3,7.9,1,0,1,1
2026-07-06T09:00:21.500+00:00,2026-07-06T09:00:21.500+00:00,21500,87,COAST,1384,12.3,3.2439257,101.7067028,1424,11,3,2,7.9,1,0,1,1
2026-07-06T09:00:21.750+00:00,2026-07-06T09:00:21.750+00:00,21750,88,COAST,1387,9.8,3.2439291,101.7067118,1427,11,3,2,7.9,1,0,1,1
2026-07-06T09:00:22.000+00:00,2026-07-06T09:00:22.000+00:00,22000,89,COAST,1389,7.4,3.2439324,101.7067208,1429,11,3,1,7.9,1,0,1,1
2026-07-06T09:00:22.250+00:00,2026-07-06T09:00:22.250+00:00,22250,90,COAST,1390,4.9,3.2439358,101.7067298,1430,11,3,1,7.9,1,0,1,1
2026-07-06T09:00:22.500+00:00,2026-07-06T09:00:22.500+00:00,22500,91,COAST,1391,2.5,3.2439392,101.7067388,1431,11,3,1,7.9,1,0,1,1
2026-07-06T09:00:22.750+00:00,2026-07-06T09:00:22.750+00:00,22750,92,COAST,1391,0.0,3.2439425,101.7067478,1431,11,3,0,7.9,1,0,1,1
2026-07-06T09:00:23.000+00:00,2026-07-06T09:00:23.000+00:00,23000,93,COAST,1390,-2.5,3.2439459,101.7067568,1430,11,3,0,7.9,1,0,1,1
2026-07-06T09:00:23.250+00:00,2026-07-06T09:00:23.250+00:00,23250,94,APOGEE,1389,-4.9,3.2439493,101.7067658,1429,11,3,0,7.9,1,0,1,1
2026-07-06T09:00:23.750+00:00,2026-07-06T09:00:23.750+00:00,23750,96,DROGUE,1380,-20.0,3.243956,101.7067838,1420,11,3,51,7.9,1,1,1,1
2026-07-06T09:00:24.000+00:00,2026-07-06T09:00:24.000+00:00,24000,97,DROGUE,1374,-22.5,3.2439594,101.7067928,1414,11,3,40,7.9,1,1,1,1
2026-07-06T09:00:24.250+00:00,2026-07-06T09:00:24.250+00:00,24250,98,DROGUE,1368,-23.7,3.2439628,101.7068018,1408,11,3,25,7.9,1,1,1,1
2026-07-06T09:00:24.500+00:00,2026-07-06T09:00:24.500+00:00,24500,99,DROGUE,1362,-24.4,3.2439661,101.7068108,1402,11,3,16,7.9,1,1,1,1
2026-07-06T09:00:24.750+00:00,2026-07-06T09:00:24.750+00:00,24750,100,DROGUE,1356,-24.7,3.2439695,101.7068198,1396,11,3,16,7.9,1,1,1,1
2026-07-06T09:00:25.250+00:00,2026-07-06T09:00:25.250+00:00,25250,102,DROGUE,1344,-24.9,3.2439762,101.7068378,1384,11,3,41,7.9,1,1,1,1
2026-07-06T09:00:25.500+00:00,2026-07-06T09:00:25.500+00:00,25500,103,DROGUE,1337,-25.0,3.2439796,101.7068468,1377,11,3,52,7.9,1,1,1,1
2026-07-06T09:00:25.750+00:00,2026-07-06T09:00:25.750+00:00,25750,104,DROGUE,1331,-25.0,3.243983,101.7068558,1371,11,3,54,7.9,1,1,1,1
2026-07-06T09:00:26.000+00:00,2026-07-06T09:00:26.000+00:00,26000,105,DROGUE,1325,-25.0,3.2439863,101.7068648,1365,11,3,45,7.9,1,1,1,1
2026-07-06T09:00:26.250+00:00,2026-07-06T09:00:26.250+00:00,26250,106,DROGUE,1319,-25.0,3.2439897,101.7068738,1359,11,3,30,7.9,1,1,1,1
2026-07-06T09:00:26.750+00:00,2026-07-06T09:00:26.750+00:00,26750,108,DROGUE,1306,-25.0,3.2439964,101.7068918,1346,11,3,15,7.9,1,1,1,1
2026-07-06T09:00:27.000+00:00,2026-07-06T09:00:27.000+00:00,27000,109,DROGUE,1300,-25.0,3.2439998,101.7069008,1340,11,3,22,7.9,1,1,1,1
2026-07-06T09:00:27.250+00:00,2026-07-06T09:00:27.250+00:00,27250,110,DROGUE,1294,-25.0,3.2440032,101.7069098,1334,11,3,36,7.9,1,1,1,1
2026-07-06T09:00:27.500+00:00,2026-07-06T09:00:27.500+00:00,27500,111,DROGUE,1288,-25.0,3.2440065,101.7069188,1328,11,3,49,7.9,1,1,1,1
2026-07-06T09:00:27.750+00:00,2026-07-06T09:00:27.750+00:00,27750,112,DROGUE,1281,-25.0,3.2440099,101.7069278,1321,11,3,54,7.9,1,1,1,1
2026-07-06T09:00:28.000+00:00,2026-07-06T09:00:28.000+00:00,28000,113,DROGUE,1275,-25.0,3.2440133,101.7069368,1315,11,3,49,7.9,1,1,1,1
2026-07-06T09:00:28.250+00:00,2026-07-06T09:00:28.250+00:00,28250,114,DROGUE,1269,-25.0,3.2440167,101.7069458,1309,11,3,36,7.9,1,1,1,1
2026-07-06T09:00:28.500+00:00,2026-07-06T09:00:28.500+00:00,28500,115,DROGUE,1263,-25.0,3.24402,101.7069548,1303,11,3,22,7.9,1,1,1,1
2026-07-06T09:00:28.750+00:00,2026-07-06T09:00:28.750+00:00,28750,116,DROGUE,1256,-25.0,3.2440234,101.7069638,1296,11,3,15,7.9,1,1,1,1
2026-07-06T09:00:29.000+00:00,2026-07-06T09:00:29.000+00:00,29000,117,DROGUE,1250,-25.0,3.2440268,101.7069728,1290,11,3,18,7.9,1,1,1,1
2026-07-06T09:00:29.250+00:00,2026-07-06T09:00:29.250+00:00,29250,118,DROGUE,1244,-25.0,3.2440301,101.7069818,1284,11,3,30,7.9,1,1,1,1
2026-07-06T09:00:29.500+00:00,2026-07-06T09:00:29.500+00:00,29500,119,DROGUE,1238,-25.0,3.2440335,101.7069908,1278,11,3,45,7.9,1,1,1,1
2026-07-06T09:00:29.750+00:00,2026-07-06T09:00:29.750+00:00,29750,120,DROGUE,1231,-25.0,3.2440369,101.7069998,1271,11,3,54,7.9,1,1,1,1
2026-07-06T09:00:30.000+00:00,2026-07-06T09:00:30.000+00:00,30000,121,DROGUE,1225,-25.0,3.2440402,101.7070088,1265,11,3,52,7.9,1,1,1,1
2026-07-06T09:00:30.250+00:00,2026-07-06T09:00:30.250+00:00,30250,122,DROGUE,1219,-25.0,3.2440436,101.7070177,1259,11,3,41,7.9,1,1,1,1
2026-07-06T09:00:30.500+00:00,2026-07-06T09:00:30.500+00:00,30500,123,DROGUE,1213,-25.0,3.244047,101.7070267,1253,11,3,27,7.9,1,1,1,1
2026-07-06T09:00:30.750+00:00,2026-07-06T09:00:30.750+00:00,30750,124,DROGUE,1206,-25.0,3.2440503,101.7070357,1246,11,3,16,7.9,1,1,1,1
2026-07-06T09:00:31.250+00:00,2026-07-06T09:00:31.250+00:00,31250,126,DROGUE,1194,-25.0,3.2440571,101.7070537,1234,11,3,25,7.9,1,1,1,1
2026-07-06T09:00:31.750+00:00,2026-07-06T09:00:31.750+00:00,31750,128,DROGUE,1181,-25.0,3.2440638,101.7070717,1221,11,3,51,7.9,1,1,1,1
2026-07-06T09:00:32.000+00:00,2026-07-06T09:00:32.000+00:00,32000,129,DROGUE,1175,-25.0,3.2440672,101.7070807,1215,11,3,54,7.9,1,1,1,1
2026-07-06T09:00:32.250+00:00,2026-07-06T09:00:32.250+00:00,32250,130,DROGUE,1169,-25.0,3.2440706,101.7070897,1209,11,3,46,7.9,1,1,1,1
2026-07-06T09:00:32.500+00:00,2026-07-06T09:00:32.500+00:00,32500,131,DROGUE,1163,-25.0,3.2440739,101.7070987,1203,11,3,32,7.9,1,1,1,1
2026-07-06T09:00:33.000+00:00,2026-07-06T09:00:33.000+00:00,33000,133,DROGUE,1150,-25.0,3.2440807,101.7071167,1190,11,3,15,7.9,1,1,1,1
2026-07-06T09:00:33.250+00:00,2026-07-06T09:00:33.250+00:00,33250,134,DROGUE,1144,-25.0,3.244084,101.7071257,1184,11,3,20,7.9,1,1,1,1
2026-07-06T09:00:33.750+00:00,2026-07-06T09:00:33.750+00:00,33750,136,DROGUE,1131,-25.0,3.2440908,101.7071437,1171,11,3,48,7.9,1,1,1,1
2026-07-06T09:00:34.250+00:00,2026-07-06T09:00:34.250+00:00,34250,138,DROGUE,1119,-25.0,3.2440975,101.7071617,1159,11,3,50,7.9,1,1,1,1
2026-07-06T09:00:34.500+00:00,2026-07-06T09:00:34.500+00:00,34500,139,DROGUE,1113,-25.0,3.2441009,101.7071707,1153,11,3,38,7.9,1,1,1,1
2026-07-06T09:00:34.750+00:00,2026-07-06T09:00:34.750+00:00,34750,140,DROGUE,1106,-25.0,3.2441042,101.7071797,1146,11,3,24,7.9,1,1,1,1
2026-07-06T09:00:35.000+00:00,2026-07-06T09:00:35.000+00:00,35000,141,DROGUE,1100,-25.0,3.2441076,101.7071887,1140,11,3,15,7.9,1,1,1,1
2026-07-06T09:00:35.250+00:00,2026-07-06T09:00:35.250+00:00,35250,142,DROGUE,1094,-25.0,3.244111,101.7071977,1134,11,3,17,7.9,1,1,1,1
2026-07-06T09:00:35.500+00:00,2026-07-06T09:00:35.500+00:00,35500,143,DROGUE,1088,-25.0,3.2441143,101.7072067,1128,11,3,28,7.9,1,1,1,1
2026-07-06T09:00:35.750+00:00,2026-07-06T09:00:35.750+00:00,35750,144,DROGUE,1081,-25.0,3.2441177,101.7072157,1121,11,3,43,7.9,1,1,1,1
2026-07-06T09:00:36.000+00:00,2026-07-06T09:00:36.000+00:00,36000,145,DROGUE,1075,-25.0,3.2441211,101.7072247,1115,11,3,53,7.9,1,1,1,1
2026-07-06T09:00:36.250+00:00,2026-07-06T09:00:36.250+00:00,36250,146,DROGUE,1069,-25.0,3.2441245,101.7072337,1109,11,3,53,7.9,1,1,1,1
2026-07-06T09:00:36.500+00:00,2026-07-06T09:00:36.500+00:00,36500,147,DROGUE,1063,-25.0,3.2441278,101.7072427,1103,11,3,43,7.9,1,1,1,1
2026-07-06T09:00:36.750+00:00,2026-07-06T09:00:36.750+00:00,36750,148,DROGUE,1056,-25.0,3.2441312,101.7072517,1096,11,3,29,7.9,1,1,1,1
2026-07-06T09:00:37.000+00:00,2026-07-06T09:00:37.000+00:00,37000,149,DROGUE,1050,-25.0,3.2441346,101.7072607,1090,11,3,17,7.9,1,1,1,1
2026-07-06T09:00:37.250+00:00,2026-07-06T09:00:37.250+00:00,37250,150,DROGUE,1044,-25.0,3.2441379,101.7072697,1084,11,3,15,7.9,1,1,1,1
2026-07-06T09:00:37.500+00:00,2026-07-06T09:00:37.500+00:00,37500,151,DROGUE,1038,-25.0,3.2441413,101.7072787,1078,11,3,23,7.9,1,1,1,1
2026-07-06T09:00:37.750+00:00,2026-07-06T09:00:37.750+00:00,37750,152,DROGUE,1031,-25.0,3.2441447,101.7072877,1071,11,3,38,7.9,1,1,1,1
2026-07-06T09:00:38.000+00:00,2026-07-06T09:00:38.000+00:00,38000,153,DROGUE,1025,-25.0,3.244148,101.7072967,1065,11,3,50,7.9,1,1,1,1
2026-07-06T09:00:38.250+00:00,2026-07-06T09:00:38.250+00:00,38250,154,DROGUE,1019,-25.0,3.2441514,101.7073057,1059,11,3,54,7.9,1,1,1,1
2026-07-06T09:00:38.500+00:00,2026-07-06T09:00:38.500+00:00,38500,155,DROGUE,1013,-25.0,3.2441548,101.7073147,1053,11,3,48,7.9,1,1,1,1
2026-07-06T09:00:38.750+00:00,2026-07-06T09:00:38.750+00:00,38750,156,DROGUE,1006,-25.0,3.2441581,101.7073237,1046,11,3,34,7.9,1,1,1,1
2026-07-06T09:00:39.000+00:00,2026-07-06T09:00:39.000+00:00,39000,157,DROGUE,1000,-25.0,3.2441615,101.7073327,1040,11,3,21,7.9,1,1,1,1
2026-07-06T09:00:39.250+00:00,2026-07-06T09:00:39.250+00:00,39250,158,DROGUE,994,-25.0,3.2441649,101.7073417,1034,11,3,15,7.9,1,1,1,1
2026-07-06T09:00:39.500+00:00,2026-07-06T09:00:39.500+00:00,39500,159,DROGUE,988,-25.0,3.2441682,101.7073507,1028,11,3,19,7.9,1,1,1,1
2026-07-06T09:00:39.750+00:00,2026-07-06T09:00:39.750+00:00,39750,160,DROGUE,981,-25.0,3.2441716,101.7073597,1021,11,3,32,7.9,1,1,1,1
2026-07-06T09:00:40.250+00:00,2026-07-06T09:00:40.250+00:00,40250,162,DROGUE,969,-25.0,3.2441784,101.7073776,1009,11,3,54,7.9,1,1,1,1
2026-07-06T09:00:40.500+00:00,2026-07-06T09:00:40.500+00:00,40500,163,DROGUE,963,-25.0,3.2441817,101.7073866,1003,11,3,52,7.9,1,1,1,1
2026-07-06T09:00:40.750+00:00,2026-07-06T09:00:40.750+00:00,40750,164,DROGUE,956,-25.0,3.2441851,101.7073956,996,11,3,40,7.9,1,1,1,1
2026-07-06T09:00:41.000+00:00,2026-07-06T09:00:41.000+00:00,41000,165,DROGUE,950,-25.0,3.2441885,101.7074046,990,11,3,25,7.9,1,1,1,1
2026-07-06T09:00:41.500+00:00,2026-07-06T09:00:41.500+00:00,41500,167,DROGUE,938,-25.0,3.2441952,101.7074226,978,11,3,16,7.9,1,1,1,1
2026-07-06T09:00:41.750+00:00,2026-07-06T09:00:41.750+00:00,41750,168,DROGUE,931,-25.0,3.2441986,101.7074316,971,11,3,26,7.9,1,1,1,1
2026-07-06T09:00:42.000+00:00,2026-07-06T09:00:42.000+00:00,42000,169,DROGUE,925,-25.0,3.2442019,101.7074406,965,11,3,41,7.9,1,1,1,1
2026-07-06T09:00:42.250+00:00,2026-07-06T09:00:42.250+00:00,42250,170,DROGUE,919,-25.0,3.2442053,101.7074496,959,11,3,52,7.9,1,1,1,1
2026-07-06T09:00:42.500+00:00,2026-07-06T09:00:42.500+00:00,42500,171,DROGUE,913,-25.0,3.2442087,101.7074586,953,11,3,54,7.9,1,1,1,1
2026-07-06T09:00:42.750+00:00,2026-07-06T09:00:42.750+00:00,42750,172,DROGUE,906,-25.0,3.244212,101.7074676,946,11,3,45,7.9,1,1,1,1
2026-07-06T09:00:43.000+00:00,2026-07-06T09:00:43.000+00:00,43000,173,DROGUE,900,-25.0,3.2442154,101.7074766,940,11,3,31,7.9,1,1,1,1
2026-07-06T09:00:43.250+00:00,2026-07-06T09:00:43.250+00:00,43250,174,DROGUE,894,-25.0,3.2442188,101.7074856,934,11,3,18,7.9,1,1,1,1
2026-07-06T09:00:43.500+00:00,2026-07-06T09:00:43.500+00:00,43500,175,DROGUE,888,-25.0,3.2442221,101.7074946,928,11,3,15,7.9,1,1,1,1
2026-07-06T09:00:43.750+00:00,2026-07-06T09:00:43.750+00:00,43750,176,DROGUE,881,-25.0,3.2442255,101.7075036,921,11,3,22,7.9,1,1,1,1
2026-07-06T09:00:44.250+00:00,2026-07-06T09:00:44.250+00:00,44250,178,DROGUE,869,-25.0,3.2442322,101.7075216,909,11,3,49,7.9,1,1,1,1
2026-07-06T09:00:44.500+00:00,2026-07-06T09:00:44.500+00:00,44500,179,DROGUE,863,-25.0,3.2442356,101.7075306,903,11,3,54,7.9,1,1,1,1
2026-07-06T09:00:44.750+00:00,2026-07-06T09:00:44.750+00:00,44750,180,DROGUE,856,-25.0,3.244239,101.7075396,896,11,3,49,7.9,1,1,1,1
2026-07-06T09:00:45.000+00:00,2026-07-06T09:00:45.000+00:00,45000,181,DROGUE,850,-25.0,3.2442424,101.7075486,890,11,3,36,7.9,1,1,1,1
2026-07-06T09:00:45.250+00:00,2026-07-06T09:00:45.250+00:00,45250,182,DROGUE,844,-25.0,3.2442457,101.7075576,884,11,3,22,7.9,1,1,1,1
2026-07-06T09:00:45.500+00:00,2026-07-06T09:00:45.500+00:00,45500,183,DROGUE,838,-25.0,3.2442491,101.7075666,878,11,3,15,7.9,1,1,1,1
2026-07-06T09:00:46.000+00:00,2026-07-06T09:00:46.000+00:00,46000,185,DROGUE,825,-25.0,3.2442558,101.7075846,865,11,3,30,7.9,1,1,1,1
2026-07-06T09:00:46.250+00:00,2026-07-06T09:00:46.250+00:00,46250,186,DROGUE,819,-25.0,3.2442592,101.7075936,859,11,3,44,7.9,1,1,1,1
2026-07-06T09:00:46.500+00:00,2026-07-06T09:00:46.500+00:00,46500,187,DROGUE,813,-25.0,3.2442626,101.7076026,853,11,3,54,7.9,1,1,1,1
2026-07-06T09:00:46.750+00:00,2026-07-06T09:00:46.750+00:00,46750,188,DROGUE,806,-25.0,3.2442659,101.7076116,846,11,3,53,7.9,1,1,1,1
2026-07-06T09:00:47.000+00:00,2026-07-06T09:00:47.000+00:00,47000,189,DROGUE,800,-25.0,3.2442693,101.7076206,840,11,3,42,7.9,1,1,1,1
2026-07-06T09:00:47.250+00:00,2026-07-06T09:00:47.250+00:00,47250,190,DROGUE,794,-25.0,3.2442727,101.7076296,834,11,3,27,7.9,1,1,1,1
2026-07-06T09:00:47.500+00:00,2026-07-06T09:00:47.500+00:00,47500,191,DROGUE,788,-25.0,3.244276,101.7076386,828,11,3,16,7.9,1,1,1,1
2026-07-06T09:00:47.750+00:00,2026-07-06T09:00:47.750+00:00,47750,192,DROGUE,781,-25.0,3.2442794,101.7076476,821,11,3,15,7.9,1,1,1,1
2026-07-06T09:00:48.000+00:00,2026-07-06T09:00:48.000+00:00,48000,193,DROGUE,775,-25.0,3.2442828,101.7076566,815,11,3,25,7.9,1,1,1,1
2026-07-06T09:00:48.250+00:00,2026-07-06T09:00:48.250+00:00,48250,194,DROGUE,769,-25.0,3.2442861,101.7076656,809,11,3,39,7.9,1,1,1,1
2026-07-06T09:00:48.500+00:00,2026-07-06T09:00:48.500+00:00,48500,195,DROGUE,763,-25.0,3.2442895,101.7076746,803,11,3,51,7.9,1,1,1,1
2026-07-06T09:00:48.750+00:00,2026-07-06T09:00:48.750+00:00,48750,196,DROGUE,756,-25.0,3.2442929,101.7076836,796,11,3,54,7.9,1,1,1,1
2026-07-06T09:00:49.000+00:00,2026-07-06T09:00:49.000+00:00,49000,197,DROGUE,750,-25.0,3.2442963,101.7076926,790,11,3,47,7.9,1,1,1,1
2026-07-06T09:00:49.500+00:00,2026-07-06T09:00:49.500+00:00,49500,199,DROGUE,738,-25.0,3.244303,101.7077106,778,11,3,20,7.9,1,1,1,1
2026-07-06T09:00:49.750+00:00,2026-07-06T09:00:49.750+00:00,49750,200,DROGUE,731,-25.0,3.2443064,101.7077196,771,11,3,15,7.9,1,1,1,1
2026-07-06T09:00:50.000+00:00,2026-07-06T09:00:50.000+00:00,50000,201,DROGUE,725,-25.0,3.2443097,101.7077286,765,11,3,20,7.9,1,1,1,1
2026-07-06T09:00:50.250+00:00,2026-07-06T09:00:50.250+00:00,50250,202,DROGUE,719,-25.0,3.2443131,101.7077375,759,11,3,34,7.9,1,1,1,1
2026-07-06T09:00:50.500+00:00,2026-07-06T09:00:50.500+00:00,50500,203,DROGUE,713,-25.0,3.2443165,101.7077465,753,11,3,47,7.9,1,1,1,1
2026-07-06T09:00:50.750+00:00,2026-07-06T09:00:50.750+00:00,50750,204,DROGUE,706,-25.0,3.2443198,101.7077555,746,11,3,54,7.9,1,1,1,1
2026-07-06T09:00:51.000+00:00,2026-07-06T09:00:51.000+00:00,51000,205,DROGUE,700,-25.0,3.2443232,101.7077645,740,11,3,51,7.9,1,1,1,1
2026-07-06T09:00:51.250+00:00,2026-07-06T09:00:51.250+00:00,51250,206,DROGUE,694,-25.0,3.2443266,101.7077735,734,11,3,38,7.9,1,1,1,1
2026-07-06T09:00:51.500+00:00,2026-07-06T09:00:51.500+00:00,51500,207,DROGUE,688,-25.0,3.2443299,101.7077825,728,11,3,24,7.9,1,1,1,1
2026-07-06T09:00:52.000+00:00,2026-07-06T09:00:52.000+00:00,52000,209,DROGUE,675,-25.0,3.2443367,101.7078005,715,11,3,17,7.9,1,1,1,1
2026-07-06T09:00:52.250+00:00,2026-07-06T09:00:52.250+00:00,52250,210,DROGUE,669,-25.0,3.24434,101.7078095,709,11,3,28,7.9,1,1,1,1
2026-07-06T09:00:52.500+00:00,2026-07-06T09:00:52.500+00:00,52500,211,DROGUE,663,-25.0,3.2443434,101.7078185,703,11,3,43,7.9,1,1,1,1
2026-07-06T09:00:52.750+00:00,2026-07-06T09:00:52.750+00:00,52750,212,DROGUE,656,-25.0,3.2443468,101.7078275,696,11,3,53,7.9,1,1,1,1
2026-07-06T09:00:53.000+00:00,2026-07-06T09:00:53.000+00:00,53000,213,DROGUE,650,-25.0,3.2443502,101.7078365,690,11,3,53,7.9,1,1,1,1
2026-07-06T09:00:53.250+00:00,2026-07-06T09:00:53.250+00:00,53250,214,DROGUE,644,-25.0,3.2443535,101.7078455,684,11,3,44,7.9,1,1,1,1
2026-07-06T09:00:53.500+00:00,2026-07-06T09:00:53.500+00:00,53500,215,DROGUE,638,-25.0,3.2443569,101.7078545,678,11,3,29,7.9,1,1,1,1
2026-07-06T09:00:53.750+00:00,2026-07-06T09:00:53.750+00:00,53750,216,DROGUE,631,-25.0,3.2443603,101.7078635,671,11,3,17,7.9,1,1,1,1
2026-07-06T09:00:54.000+00:00,2026-07-06T09:00:54.000+00:00,54000,217,DROGUE,625,-25.0,3.2443636,101.7078725,665,11,3,15,7.9,1,1,1,1
2026-07-06T09:00:54.250+00:00,2026-07-06T09:00:54.250+00:00,54250,218,DROGUE,619,-25.0,3.244367,101.7078815,659,11,3,23,7.9,1,1,1,1
2026-07-06T09:00:54.500+00:00,2026-07-06T09:00:54.500+00:00,54500,219,DROGUE,613,-25.0,3.2443704,101.7078905,653,11,3,37,7.9,1,1,1,1
2026-07-06T09:00:54.750+00:00,2026-07-06T09:00:54.750+00:00,54750,220,DROGUE,606,-25.0,3.2443737,101.7078995,646,11,3,50,7.9,1,1,1,1
2026-07-06T09:00:55.000+00:00,2026-07-06T09:00:55.000+00:00,55000,221,DROGUE,600,-25.0,3.2443771,101.7079085,640,11,3,54,7.9,1,1,1,1
2026-07-06T09:00:55.250+00:00,2026-07-06T09:00:55.250+00:00,55250,222,DROGUE,594,-25.0,3.2443805,101.7079175,634,11,3,48,7.9,1,1,1,1
2026-07-06T09:00:55.500+00:00,2026-07-06T09:00:55.500+00:00,55500,223,DROGUE,588,-25.0,3.2443838,101.7079265,628,11,3,35,7.9,1,1,1,1
2026-07-06T09:00:55.750+00:00,2026-07-06T09:00:55.750+00:00,55750,224,DROGUE,581,-25.0,3.2443872,101.7079355,621,11,3,21,7.9,1,1,1,1
2026-07-06T09:00:56.250+00:00,2026-07-06T09:00:56.250+00:00,56250,226,DROGUE,569,-25.0,3.2443939,101.7079535,609,11,3,19,7.9,1,1,1,1
2026-07-06T09:00:56.500+00:00,2026-07-06T09:00:56.500+00:00,56500,227,DROGUE,563,-25.0,3.2443973,101.7079625,603,11,3,32,7.9,1,1,1,1
2026-07-06T09:00:56.750+00:00,2026-07-06T09:00:56.750+00:00,56750,228,DROGUE,556,-25.0,3.2444007,101.7079715,596,11,3,46,7.9,1,1,1,1
2026-07-06T09:00:57.000+00:00,2026-07-06T09:00:57.000+00:00,57000,229,DROGUE,550,-25.0,3.2444041,101.7079805,590,11,3,54,7.9,1,1,1,1
2026-07-06T09:00:57.250+00:00,2026-07-06T09:00:57.250+00:00,57250,230,DROGUE,544,-25.0,3.2444074,101.7079895,584,11,3,52,7.9,1,1,1,1
2026-07-06T09:00:57.750+00:00,2026-07-06T09:00:57.750+00:00,57750,232,DROGUE,531,-25.0,3.2444142,101.7080075,571,11,3,26,7.9,1,1,1,1
2026-07-06T09:00:58.000+00:00,2026-07-06T09:00:58.000+00:00,58000,233,DROGUE,525,-25.0,3.2444175,101.7080165,565,11,3,16,7.9,1,1,1,1
2026-07-06T09:00:58.250+00:00,2026-07-06T09:00:58.250+00:00,58250,234,DROGUE,519,-25.0,3.2444209,101.7080255,559,11,3,16,7.9,1,1,1,1
2026-07-06T09:00:58.500+00:00,2026-07-06T09:00:58.500+00:00,58500,235,DROGUE,513,-25.0,3.2444243,101.7080345,553,11,3,26,7.9,1,1,1,1
2026-07-06T09:00:59.000+00:00,2026-07-06T09:00:59.000+00:00,59000,237,DROGUE,500,-25.0,3.244431,101.7080525,540,11,3,52,7.9,1,1,1,1
2026-07-06T09:00:59.250+00:00,2026-07-06T09:00:59.250+00:00,59250,238,DROGUE,494,-25.0,3.2444344,101.7080615,534,11,3,54,7.9,1,1,1,1
2026-07-06T09:00:59.500+00:00,2026-07-06T09:00:59.500+00:00,59500,239,DROGUE,488,-25.0,3.2444377,101.7080705,528,11,3,45,7.9,1,1,1,1
2026-07-06T09:00:59.750+00:00,2026-07-06T09:00:59.750+00:00,59750,240,DROGUE,481,-25.0,3.2444411,101.7080795,521,11,3,31,7.9,1,1,1,1
2026-07-06T09:01:00.000+00:00,2026-07-06T09:01:00.000+00:00,60000,241,DROGUE,475,-25.0,3.2444445,101.7080885,515,11,3,18,7.9,1,1,1,1
2026-07-06T09:01:00.250+00:00,2026-07-06T09:01:00.250+00:00,60250,242,DROGUE,469,-25.0,3.2444478,101.7080975,509,11,3,15,7.9,1,1,1,1
2026-07-06T09:01:00.500+00:00,2026-07-06T09:01:00.500+00:00,60500,243,DROGUE,463,-25.0,3.2444512,101.7081064,503,11,3,21,7.9,1,1,1,1
2026-07-06T09:01:00.750+00:00,2026-07-06T09:01:00.750+00:00,60750,244,DROGUE,456,-25.0,3.2444546,101.7081154,496,11,3,35,7.9,1,1,1,1
2026-07-06T09:01:01.000+00:00,2026-07-06T09:01:01.000+00:00,61000,245,DROGUE,450,-25.0,3.244458,101.7081244,490,11,3,49,7.9,1,1,1,1
2026-07-06T09:01:01.250+00:00,2026-07-06T09:01:01.250+00:00,61250,246,DROGUE,444,-25.0,3.2444613,101.7081334,484,11,3,54,7.9,1,1,1,1
2026-07-06T09:01:01.500+00:00,2026-07-06T09:01:01.500+00:00,61500,247,DROGUE,438,-25.0,3.2444647,101.7081424,478,11,3,50,7.9,1,1,1,1
2026-07-06T09:01:01.750+00:00,2026-07-06T09:01:01.750+00:00,61750,248,DROGUE,431,-25.0,3.2444681,101.7081514,471,11,3,37,7.9,1,1,1,1
2026-07-06T09:01:02.000+00:00,2026-07-06T09:01:02.000+00:00,62000,249,DROGUE,425,-25.0,3.2444714,101.7081604,465,11,3,22,7.9,1,1,1,1
2026-07-06T09:01:02.250+00:00,2026-07-06T09:01:02.250+00:00,62250,250,DROGUE,419,-25.0,3.2444748,101.7081694,459,11,3,15,7.8,1,1,1,1
2026-07-06T09:01:02.500+00:00,2026-07-06T09:01:02.500+00:00,62500,251,DROGUE,413,-25.0,3.2444782,101.7081784,453,11,3,18,7.8,1,1,1,1
2026-07-06T09:01:02.750+00:00,2026-07-06T09:01:02.750+00:00,62750,252,DROGUE,406,-25.0,3.2444815,101.7081874,446,11,3,30,7.8,1,1,1,1
2026-07-06T09:01:03.250+00:00,2026-07-06T09:01:03.250+00:00,63250,254,DROGUE,394,-25.0,3.2444883,101.7082054,434,11,3,54,7.8,1,1,1,1
2026-07-06T09:01:03.500+00:00,2026-07-06T09:01:03.500+00:00,63500,255,DROGUE,388,-25.0,3.2444916,101.7082144,428,11,3,53,7.8,1,1,1,1
2026-07-06T09:01:03.750+00:00,2026-07-06T09:01:03.750+00:00,63750,256,DROGUE,381,-25.0,3.244495,101.7082234,421,11,3,42,7.8,1,1,1,1
2026-07-06T09:01:04.250+00:00,2026-07-06T09:01:04.250+00:00,64250,258,DROGUE,369,-25.0,3.2445017,101.7082414,409,11,3,17,7.8,1,1,1,1
2026-07-06T09:01:04.500+00:00,2026-07-06T09:01:04.500+00:00,64500,259,DROGUE,363,-25.0,3.2445051,101.7082504,403,11,3,15,7.8,1,1,1,1
2026-07-06T09:01:04.750+00:00,2026-07-06T09:01:04.750+00:00,64750,260,DROGUE,356,-25.0,3.2445085,101.7082594,396,11,3,24,7.8,1,1,1,1
2026-07-06T09:01:05.000+00:00,2026-07-06T09:01:05.000+00:00,65000,261,DROGUE,350,-25.0,3.2445118,101.7082684,390,11,3,39,7.8,1,1,1,1
2026-07-06T09:01:05.250+00:00,2026-07-06T09:01:05.250+00:00,65250,262,DROGUE,344,-25.0,3.2445152,101.7082774,384,11,3,51,7.8,1,1,1,1
2026-07-06T09:01:05.500+00:00,2026-07-06T09:01:05.500+00:00,65500,263,DROGUE,338,-25.0,3.2445186,101.7082864,378,11,3,54,7.8,1,1,1,1
2026-07-06T09:01:05.750+00:00,2026-07-06T09:01:05.750+00:00,65750,264,DROGUE,331,-25.0,3.244522,101.7082954,371,11,3,47,7.8,1,1,1,1
2026-07-06T09:01:06.000+00:00,2026-07-06T09:01:06.000+00:00,66000,265,DROGUE,325,-25.0,3.2445253,101.7083044,365,11,3,33,7.8,1,1,1,1
2026-07-06T09:01:06.250+00:00,2026-07-06T09:01:06.250+00:00,66250,266,DROGUE,319,-25.0,3.2445287,101.7083134,359,11,3,20,7.8,1,1,1,1
2026-07-06T09:01:06.500+00:00,2026-07-06T09:01:06.500+00:00,66500,267,DROGUE,313,-25.0,3.2445321,101.7083224,353,11,3,15,7.8,1,1,1,1
2026-07-06T09:01:06.750+00:00,2026-07-06T09:01:06.750+00:00,66750,268,DROGUE,306,-25.0,3.2445354,101.7083314,346,11,3,20,7.8,1,1,1,1
2026-07-06T09:01:07.000+00:00,2026-07-06T09:01:07.000+00:00,67000,269,DROGUE,300,-25.0,3.2445388,101.7083404,340,11,3,33,7.8,1,1,1,1
2026-07-06T09:01:07.500+00:00,2026-07-06T09:01:07.500+00:00,67500,271,DROGUE,288,-25.0,3.2445455,101.7083584,328,11,3,54,7.8,1,1,1,1
2026-07-06T09:01:07.750+00:00,2026-07-06T09:01:07.750+00:00,67750,272,DROGUE,281,-25.0,3.2445489,101.7083674,321,11,3,51,7.8,1,1,1,1
2026-07-06T09:01:08.000+00:00,2026-07-06T09:01:08.000+00:00,68000,273,DROGUE,275,-25.0,3.2445523,101.7083764,315,11,3,39,7.8,1,1,1,1
2026-07-06T09:01:08.250+00:00,2026-07-06T09:01:08.250+00:00,68250,274,DROGUE,269,-25.0,3.2445556,101.7083854,309,11,3,24,7.8,1,1,1,1
2026-07-06T09:01:08.500+00:00,2026-07-06T09:01:08.500+00:00,68500,275,DROGUE,263,-25.0,3.244559,101.7083944,303,11,3,15,7.8,1,1,1,1
2026-07-06T09:01:09.250+00:00,2026-07-06T09:01:09.250+00:00,69250,278,DROGUE,244,-25.0,3.2445691,101.7084214,284,11,3,42,7.8,1,1,1,1
2026-07-06T09:01:09.500+00:00,2026-07-06T09:01:09.500+00:00,69500,279,MAIN,240,-15.5,3.2445725,101.7084304,280,11,3,13,7.8,1,1,1,1
2026-07-06T09:01:09.750+00:00,2026-07-06T09:01:09.750+00:00,69750,280,MAIN,237,-10.8,3.2445759,101.7084394,277,11,3,14,7.8,1,1,1,1
2026-07-06T09:01:10.000+00:00,2026-07-06T09:01:10.000+00:00,70000,281,MAIN,235,-8.4,3.2445792,101.7084484,275,11,3,14,7.8,1,1,1,1
2026-07-06T09:01:10.250+00:00,2026-07-06T09:01:10.250+00:00,70250,282,MAIN,233,-7.2,3.2445826,101.7084574,273,11,3,13,7.8,1,1,1,1
2026-07-06T09:01:10.500+00:00,2026-07-06T09:01:10.500+00:00,70500,283,MAIN,232,-6.6,3.244586,101.7084663,272,11,3,11,7.8,1,1,1,1
2026-07-06T09:01:10.750+00:00,2026-07-06T09:01:10.750+00:00,70750,284,MAIN,230,-6.3,3.2445893,101.7084753,270,11,3,9,7.8,1,1,1,1
2026-07-06T09:01:11.000+00:00,2026-07-06T09:01:11.000+00:00,71000,285,MAIN,229,-6.1,3.2445927,101.7084843,269,11,3,7,7.8,1,1,1,1
2026-07-06T09:01:11.250+00:00,2026-07-06T09:01:11.250+00:00,71250,286,MAIN,227,-6.1,3.2445961,101.7084933,267,11,3,5,7.8,1,1,1,1
2026-07-06T09:01:11.500+00:00,2026-07-06T09:01:11.500+00:00,71500,287,MAIN,226,-6.0,3.2445994,101.7085023,266,11,3,5,7.8,1,1,1,1
2026-07-06T09:01:11.750+00:00,2026-07-06T09:01:11.750+00:00,71750,288,MAIN,224,-6.0,3.2446028,101.7085113,264,11,3,5,7.8,1,1,1,1
2026-07-06T09:01:12.000+00:00,2026-07-06T09:01:12.000+00:00,72000,289,MAIN,223,-6.0,3.2446062,101.7085203,263,11,3,7,7.8,1,1,1,1
2026-07-06T09:01:12.250+00:00,2026-07-06T09:01:12.250+00:00,72250,290,MAIN,221,-6.0,3.2446095,101.7085293,261,11,3,9,7.8,1,1,1,1
2026-07-06T09:01:12.750+00:00,2026-07-06T09:01:12.750+00:00,72750,292,MAIN,218,-6.0,3.2446163,101.7085473,258,11,3,14,7.8,1,1,1,1
2026-07-06T09:01:13.000+00:00,2026-07-06T09:01:13.000+00:00,73000,293,MAIN,217,-6.0,3.2446196,101.7085563,257,11,3,14,7.8,1,1,1,1
2026-07-06T09:01:13.250+00:00,2026-07-06T09:01:13.250+00:00,73250,294,MAIN,215,-6.0,3.244623,101.7085653,255,11,3,14,7.8,1,1,1,1
2026-07-06T09:01:13.500+00:00,2026-07-06T09:01:13.500+00:00,73500,295,MAIN,214,-6.0,3.2446264,101.7085743,254,11,3,13,7.8,1,1,1,1
2026-07-06T09:01:13.750+00:00,2026-07-06T09:01:13.750+00:00,73750,296,MAIN,212,-6.0,3.2446298,101.7085833,252,11,3,10,7.8,1,1,1,1
2026-07-06T09:01:14.000+00:00,2026-07-06T09:01:14.000+00:00,74000,297,MAIN,211,-6.0,3.2446331,101.7085923,251,11,3,8,7.8,1,1,1,1
2026-07-06T09:01:14.500+00:00,2026-07-06T09:01:14.500+00:00,74500,299,MAIN,208,-6.0,3.2446399,101.7086103,248,11,3,5,7.8,1,1,1,1
2026-07-06T09:01:14.750+00:00,2026-07-06T09:01:14.750+00:00,74750,300,MAIN,206,-6.0,3.2446432,101.7086193,246,11,3,5,7.8,1,1,1,1
2026-07-06T09:01:15.000+00:00,2026-07-06T09:01:15.000+00:00,75000,301,MAIN,205,-6.0,3.2446466,101.7086283,245,11,3,6,7.8,1,1,1,1
2026-07-06T09:01:15.250+00:00,2026-07-06T09:01:15.250+00:00,75250,302,MAIN,203,-6.0,3.24465,101.7086373,243,11,3,8,7.8,1,1,1,1
2026-07-06T09:01:15.500+00:00,2026-07-06T09:01:15.500+00:00,75500,303,MAIN,202,-6.0,3.2446533,101.7086463,242,11,3,11,7.8,1,1,1,1
2026-07-06T09:01:15.750+00:00,2026-07-06T09:01:15.750+00:00,75750,304,MAIN,200,-6.0,3.2446567,101.7086553,240,11,3,13,7.8,1,1,1,1
2026-07-06T09:01:16.000+00:00,2026-07-06T09:01:16.000+00:00,76000,305,MAIN,199,-6.0,3.2446601,101.7086643,239,11,3,14,7.8,1,1,1,1
2026-07-06T09:01:16.250+00:00,2026-07-06T09:01:16.250+00:00,76250,306,MAIN,197,-6.0,3.2446634,101.7086733,237,11,3,14,7.8,1,1,1,1
2026-07-06T09:01:16.500+00:00,2026-07-06T09:01:16.500+00:00,76500,307,MAIN,196,-6.0,3.2446668,101.7086823,236,11,3,14,7.8,1,1,1,1
2026-07-06T09:01:16.750+00:00,2026-07-06T09:01:16.750+00:00,76750,308,MAIN,194,-6.0,3.2446702,101.7086913,234,11,3,12,7.8,1,1,1,1
2026-07-06T09:01:17.000+00:00,2026-07-06T09:01:17.000+00:00,77000,309,MAIN,193,-6.0,3.2446735,101.7087003,233,11,3,9,7.8,1,1,1,1
2026-07-06T09:01:17.250+00:00,2026-07-06T09:01:17.250+00:00,77250,310,MAIN,191,-6.0,3.2446769,101.7087093,231,11,3,7,7.8,1,1,1,1
2026-07-06T09:01:17.500+00:00,2026-07-06T09:01:17.500+00:00,77500,311,MAIN,190,-6.0,3.2446803,101.7087183,230,11,3,5,7.8,1,1,1,1
2026-07-06T09:01:17.750+00:00,2026-07-06T09:01:17.750+00:00,77750,312,MAIN,188,-6.0,3.2446837,101.7087273,228,11,3,5,7.8,1,1,1,1
2026-07-06T09:01:18.000+00:00,2026-07-06T09:01:18.000+00:00,78000,313,MAIN,187,-6.0,3.244687,101.7087363,227,11,3,5,7.8,1,1,1,1
2026-07-06T09:01:18.250+00:00,2026-07-06T09:01:18.250+00:00,78250,314,MAIN,185,-6.0,3.2446904,101.7087453,225,11,3,7,7.8,1,1,1,1
2026-07-06T09:01:18.500+00:00,2026-07-06T09:01:18.500+00:00,78500,315,MAIN,184,-6.0,3.2446938,101.7087543,224,11,3,9,7.8,1,1,1,1
2026-07-06T09:01:18.750+00:00,2026-07-06T09:01:18.750+00:00,78750,316,MAIN,182,-6.0,3.2446971,101.7087633,222,11,3,12,7.8,1,1,1,1
2026-07-06T09:01:19.000+00:00,2026-07-06T09:01:19.000+00:00,79000,317,MAIN,181,-6.0,3.2447005,101.7087723,221,11,3,13,7.8,1,1,1,1
2026-07-06T09:01:19.250+00:00,2026-07-06T09:01:19.250+00:00,79250,318,MAIN,179,-6.0,3.2447039,101.7087813,219,11,3,14,7.8,1,1,1,1
2026-07-06T09:01:19.500+00:00,2026-07-06T09:01:19.500+00:00,79500,319,MAIN,178,-6.0,3.2447072,101.7087903,218,11,3,14,7.8,1,1,1,1
2026-07-06T09:01:19.750+00:00,2026-07-06T09:01:19.750+00:00,79750,320,MAIN,176,-6.0,3.2447106,101.7087993,216,11,3,13,7.8,1,1,1,1
2026-07-06T09:01:20.000+00:00,2026-07-06T09:01:20.000+00:00,80000,321,MAIN,175,-6.0,3.244714,101.7088083,215,11,3,11,7.8,1,1,1,1
2026-07-06T09:01:20.250+00:00,2026-07-06T09:01:20.250+00:00,80250,322,MAIN,173,-6.0,3.2447173,101.7088173,213,11,3,8,7.8,1,1,1,1
2026-07-06T09:01:20.500+00:00,2026-07-06T09:01:20.500+00:00,80500,323,MAIN,172,-6.0,3.2447207,101.7088263,212,11,3,6,7.8,1,1,1,1
2026-07-06T09:01:20.750+00:00,2026-07-06T09:01:20.750+00:00,80750,324,MAIN,170,-6.0,3.2447241,101.7088352,210,11,3,5,7.8,1,1,1,1
2026-07-06T09:01:21.250+00:00,2026-07-06T09:01:21.250+00:00,81250,326,MAIN,167,-6.0,3.2447308,101.7088532,207,11,3,6,7.8,1,1,1,1
2026-07-06T09:01:21.500+00:00,2026-07-06T09:01:21.500+00:00,81500,327,MAIN,166,-6.0,3.2447342,101.7088622,206,11,3,8,7.8,1,1,1,1
2026-07-06T09:01:21.750+00:00,2026-07-06T09:01:21.750+00:00,81750,328,MAIN,164,-6.0,3.2447375,101.7088712,204,11,3,10,7.8,1,1,1,1
2026-07-06T09:01:22.000+00:00,2026-07-06T09:01:22.000+00:00,82000,329,MAIN,163,-6.0,3.2447409,101.7088802,203,11,3,12,7.8,1,1,1,1
2026-07-06T09:01:22.250+00:00,2026-07-06T09:01:22.250+00:00,82250,330,MAIN,161,-6.0,3.2447443,101.7088892,201,11,3,14,7.8,1,1,1,1
2026-07-06T09:01:22.500+00:00,2026-07-06T09:01:22.500+00:00,82500,331,MAIN,160,-6.0,3.2447477,101.7088982,200,11,3,14,7.8,1,1,1,1
2026-07-06T09:01:22.750+00:00,2026-07-06T09:01:22.750+00:00,82750,332,MAIN,158,-6.0,3.244751,101.7089072,198,11,3,14,7.8,1,1,1,1
2026-07-06T09:01:23.000+00:00,2026-07-06T09:01:23.000+00:00,83000,333,MAIN,157,-6.0,3.2447544,101.7089162,197,11,3,12,7.8,1,1,1,1
2026-07-06T09:01:23.250+00:00,2026-07-06T09:01:23.250+00:00,83250,334,MAIN,155,-6.0,3.2447578,101.7089252,195,11,3,10,7.8,1,1,1,1
2026-07-06T09:01:23.500+00:00,2026-07-06T09:01:23.500+00:00,83500,335,MAIN,154,-6.0,3.2447611,101.7089342,194,11,3,7,7.8,1,1,1,1
2026-07-06T09:01:23.750+00:00,2026-07-06T09:01:23.750+00:00,83750,336,MAIN,152,-6.0,3.2447645,101.7089432,192,11,3,5,7.8,1,1,1,1
2026-07-06T09:01:24.000+00:00,2026-07-06T09:01:24.000+00:00,84000,337,MAIN,151,-6.0,3.2447679,101.7089522,191,11,3,5,7.8,1,1,1,1
2026-07-06T09:01:24.250+00:00,2026-07-06T09:01:24.250+00:00,84250,338,MAIN,149,-6.0,3.2447712,101.7089612,189,11,3,5,7.8,1,1,1,1
2026-07-06T09:01:24.500+00:00,2026-07-06T09:01:24.500+00:00,84500,339,MAIN,148,-6.0,3.2447746,101.7089702,188,11,3,6,7.8,1,1,1,1
2026-07-06T09:01:24.750+00:00,2026-07-06T09:01:24.750+00:00,84750,340,MAIN,146,-6.0,3.244778,101.7089792,186,11,3,9,7.8,1,1,1,1
2026-07-06T09:01:25.000+00:00,2026-07-06T09:01:25.000+00:00,85000,341,MAIN,145,-6.0,3.2447813,101.7089882,185,11,3,11,7.8,1,1,1,1
2026-07-06T09:01:25.250+00:00,2026-07-06T09:01:25.250+00:00,85250,342,MAIN,143,-6.0,3.2447847,101.7089972,183,11,3,13,7.8,1,1,1,1
2026-07-06T09:01:25.750+00:00,2026-07-06T09:01:25.750+00:00,85750,344,MAIN,140,-6.0,3.2447914,101.7090152,180,11,3,14,7.8,1,1,1,1
2026-07-06T09:01:26.000+00:00,2026-07-06T09:01:26.000+00:00,86000,345,MAIN,139,-6.0,3.2447948,101.7090242,179,11,3,13,7.8,1,1,1,1
2026-07-06T09:01:26.250+00:00,2026-07-06T09:01:26.250+00:00,86250,346,MAIN,137,-6.0,3.2447982,101.7090332,177,11,3,11,7.8,1,1,1,1
2026-07-06T09:01:26.500+00:00,2026-07-06T09:01:26.500+00:00,86500,347,MAIN,136,-6.0,3.2448016,101.7090422,176,11,3,8,7.8,1,1,1,1
2026-07-06T09:01:26.750+00:00,2026-07-06T09:01:26.750+00:00,86750,348,MAIN,134,-6.0,3.2448049,101.7090512,174,11,3,6,7.8,1,1,1,1
2026-07-06T09:01:27.000+00:00,2026-07-06T09:01:27.000+00:00,87000,349,MAIN,133,-6.0,3.2448083,101.7090602,173,11,3,5,7.8,1,1,1,1
2026-07-06T09:01:27.250+00:00,2026-07-06T09:01:27.250+00:00,87250,350,MAIN,131,-6.0,3.2448117,101.7090692,171,11,3,5,7.8,1,1,1,1
2026-07-06T09:01:27.500+00:00,2026-07-06T09:01:27.500+00:00,87500,351,MAIN,130,-6.0,3.244815,101.7090782,170,11,3,5,7.8,1,1,1,1
2026-07-06T09:01:27.750+00:00,2026-07-06T09:01:27.750+00:00,87750,352,MAIN,128,-6.0,3.2448184,101.7090872,168,11,3,7,7.8,1,1,1,1
2026-07-06T09:01:28.000+00:00,2026-07-06T09:01:28.000+00:00,88000,353,MAIN,127,-6.0,3.2448218,101.7090962,167,11,3,10,7.8,1,1,1,1
2026-07-06T09:01:28.250+00:00,2026-07-06T09:01:28.250+00:00,88250,354,MAIN,125,-6.0,3.2448251,101.7091052,165,11,3,12,7.8,1,1,1,1
2026-07-06T09:01:28.500+00:00,2026-07-06T09:01:28.500+00:00,88500,355,MAIN,124,-6.0,3.2448285,101.7091142,164,11,3,14,7.8,1,1,1,1
2026-07-06T09:01:28.750+00:00,2026-07-06T09:01:28.750+00:00,88750,356,MAIN,122,-6.0,3.2448319,101.7091232,162,11,3,14,7.8,1,1,1,1
2026-07-06T09:01:29.000+00:00,2026-07-06T09:01:29.000+00:00,89000,357,MAIN,121,-6.0,3.2448352,101.7091322,161,11,3,14,7.8,1,1,1,1
2026-07-06T09:01:29.250+00:00,2026-07-06T09:01:29.250+00:00,89250,358,MAIN,119,-6.0,3.2448386,101.7091412,159,11,3,12,7.8,1,1,1,1
2026-07-06T09:01:29.500+00:00,2026-07-06T09:01:29.500+00:00,89500,359,MAIN,118,-6.0,3.244842,101.7091502,158,11,3,10,7.8,1,1,1,1
2026-07-06T09:01:29.750+00:00,2026-07-06T09:01:29.750+00:00,89750,360,MAIN,116,-6.0,3.2448453,101.7091592,156,11,3,7,7.8,1,1,1,1
2026-07-06T09:01:30.000+00:00,2026-07-06T09:01:30.000+00:00,90000,361,MAIN,115,-6.0,3.2448487,101.7091682,155,11,3,5,7.8,1,1,1,1
2026-07-06T09:01:30.250+00:00,2026-07-06T09:01:30.250+00:00,90250,362,MAIN,113,-6.0,3.2448521,101.7091772,153,11,3,5,7.8,1,1,1,1
2026-07-06T09:01:30.500+00:00,2026-07-06T09:01:30.500+00:00,90500,363,MAIN,112,-6.0,3.2448555,101.7091862,152,11,3,5,7.8,1,1,1,1
2026-07-06T09:01:30.750+00:00,2026-07-06T09:01:30.750+00:00,90750,364,MAIN,110,-6.0,3.2448588,101.7091951,150,11,3,6,7.8,1,1,1,1
2026-07-06T09:01:31.000+00:00,2026-07-06T09:01:31.000+00:00,91000,365,MAIN,109,-6.0,3.2448622,101.7092041,149,11,3,8,7.8,1,1,1,1
2026-07-06T09:01:31.250+00:00,2026-07-06T09:01:31.250+00:00,91250,366,MAIN,107,-6.0,3.2448656,101.7092131,147,11,3,11,7.8,1,1,1,1
2026-07-06T09:01:31.500+00:00,2026-07-06T09:01:31.500+00:00,91500,367,MAIN,106,-6.0,3.2448689,101.7092221,146,11,3,13,7.8,1,1,1,1
2026-07-06T09:01:31.750+00:00,2026-07-06T09:01:31.750+00:00,91750,368,MAIN,104,-6.0,3.2448723,101.7092311,144,11,3,14,7.8,1,1,1,1
2026-07-06T09:01:32.250+00:00,2026-07-06T09:01:32.250+00:00,92250,370,MAIN,101,-6.0,3.244879,101.7092491,141,11,3,13,7.8,1,1,1,1
2026-07-06T09:01:32.500+00:00,2026-07-06T09:01:32.500+00:00,92500,371,MAIN,100,-6.0,3.2448824,101.7092581,140,11,3,11,7.8,1,1,1,1
2026-07-06T09:01:32.750+00:00,2026-07-06T09:01:32.750+00:00,92750,372,MAIN,98,-6.0,3.2448858,101.7092671,138,11,3,9,7.8,1,1,1,1
2026-07-06T09:01:33.000+00:00,2026-07-06T09:01:33.000+00:00,93000,373,MAIN,97,-6.0,3.2448891,101.7092761,137,11,3,6,7.8,1,1,1,1
2026-07-06T09:01:33.250+00:00,2026-07-06T09:01:33.250+00:00,93250,374,MAIN,95,-6.0,3.2448925,101.7092851,135,11,3,5,7.8,1,1,1,1
2026-07-06T09:01:33.500+00:00,2026-07-06T09:01:33.500+00:00,93500,375,MAIN,94,-6.0,3.2448959,101.7092941,134,11,3,5,7.8,1,1,1,1
2026-07-06T09:01:33.750+00:00,2026-07-06T09:01:33.750+00:00,93750,376,MAIN,92,-6.0,3.2448992,101.7093031,132,11,3,5,7.8,1,1,1,1
2026-07-06T09:01:34.000+00:00,2026-07-06T09:01:34.000+00:00,94000,377,MAIN,91,-6.0,3.2449026,101.7093121,131,11,3,7,7.8,1,1,1,1
2026-07-06T09:01:34.250+00:00,2026-07-06T09:01:34.250+00:00,94250,378,MAIN,89,-6.0,3.244906,101.7093211,129,11,3,10,7.8,1,1,1,1
2026-07-06T09:01:34.500+00:00,2026-07-06T09:01:34.500+00:00,94500,379,MAIN,88,-6.0,3.2449094,101.7093301,128,11,3,12,7.8,1,1,1,1
2026-07-06T09:01:34.750+00:00,2026-07-06T09:01:34.750+00:00,94750,380,MAIN,86,-6.0,3.2449127,101.7093391,126,11,3,14,7.8,1,1,1,1
2026-07-06T09:01:35.000+00:00,2026-07-06T09:01:35.000+00:00,95000,381,MAIN,85,-6.0,3.2449161,101.7093481,125,11,3,14,7.8,1,1,1,1
2026-07-06T09:01:35.250+00:00,2026-07-06T09:01:35.250+00:00,95250,382,MAIN,83,-6.0,3.2449195,101.7093571,123,11,3,14,7.8,1,1,1,1
2026-07-06T09:01:35.500+00:00,2026-07-06T09:01:35.500+00:00,95500,383,MAIN,82,-6.0,3.2449228,101.7093661,122,11,3,12,7.8,1,1,1,1
2026-07-06T09:01:35.750+00:00,2026-07-06T09:01:35.750+00:00,95750,384,MAIN,80,-6.0,3.2449262,101.7093751,120,11,3,10,7.8,1,1,1,1
2026-07-06T09:01:36.000+00:00,2026-07-06T09:01:36.000+00:00,96000,385,MAIN,79,-6.0,3.2449296,101.7093841,119,11,3,8,7.8,1,1,1,1
2026-07-06T09:01:36.250+00:00,2026-07-06T09:01:36.250+00:00,96250,386,MAIN,77,-6.0,3.2449329,101.7093931,117,11,3,6,7.8,1,1,1,1
2026-07-06T09:01:36.500+00:00,2026-07-06T09:01:36.500+00:00,96500,387,MAIN,76,-6.0,3.2449363,101.7094021,116,11,3,5,7.8,1,1,1,1
2026-07-06T09:01:36.750+00:00,2026-07-06T09:01:36.750+00:00,96750,388,MAIN,74,-6.0,3.2449397,101.7094111,114,11,3,5,7.8,1,1,1,1
2026-07-06T09:01:37.000+00:00,2026-07-06T09:01:37.000+00:00,97000,389,MAIN,73,-6.0,3.244943,101.7094201,113,11,3,6,7.8,1,1,1,1
2026-07-06T09:01:37.250+00:00,2026-07-06T09:01:37.250+00:00,97250,390,MAIN,71,-6.0,3.2449464,101.7094291,111,11,3,8,7.8,1,1,1,1
2026-07-06T09:01:37.500+00:00,2026-07-06T09:01:37.500+00:00,97500,391,MAIN,70,-6.0,3.2449498,101.7094381,110,11,3,11,7.8,1,1,1,1
2026-07-06T09:01:37.750+00:00,2026-07-06T09:01:37.750+00:00,97750,392,MAIN,68,-6.0,3.2449531,101.7094471,108,11,3,13,7.8,1,1,1,1
2026-07-06T09:01:38.000+00:00,2026-07-06T09:01:38.000+00:00,98000,393,MAIN,67,-6.0,3.2449565,101.7094561,107,11,3,14,7.8,1,1,1,1
2026-07-06T09:01:38.250+00:00,2026-07-06T09:01:38.250+00:00,98250,394,MAIN,65,-6.0,3.2449599,101.7094651,105,11,3,14,7.8,1,1,1,1
2026-07-06T09:01:38.750+00:00,2026-07-06T09:01:38.750+00:00,98750,396,MAIN,62,-6.0,3.2449666,101.7094831,102,11,3,12,7.8,1,1,1,1
2026-07-06T09:01:39.000+00:00,2026-07-06T09:01:39.000+00:00,99000,397,MAIN,61,-6.0,3.24497,101.7094921,101,11,3,9,7.8,1,1,1,1
2026-07-06T09:01:39.250+00:00,2026-07-06T09:01:39.250+00:00,99250,398,MAIN,59,-6.0,3.2449734,101.7095011,99,11,3,7,7.8,1,1,1,1
2026-07-06T09:01:39.500+00:00,2026-07-06T09:01:39.500+00:00,99500,399,MAIN,58,-6.0,3.2449767,101.7095101,98,11,3,5,7.8,1,1,1,1
2026-07-06T09:01:39.750+00:00,2026-07-06T09:01:39.750+00:00,99750,400,MAIN,56,-6.0,3.2449801,101.7095191,96,11,3,5,7.8,1,1,1,1
2026-07-06T09:01:40.000+00:00,2026-07-06T09:01:40.000+00:00,100000,401,MAIN,55,-6.0,3.2449835,101.7095281,95,11,3,5,7.8,1,1,1,1
2026-07-06T09:01:40.250+00:00,2026-07-06T09:01:40.250+00:00,100250,402,MAIN,53,-6.0,3.2449868,101.7095371,93,11,3,7,7.8,1,1,1,1
2026-07-06T09:01:40.500+00:00,2026-07-06T09:01:40.500+00:00,100500,403,MAIN,52,-6.0,3.2449902,101.7095461,92,11,3,9,7.8,1,1,1,1
2026-07-06T09:01:40.750+00:00,2026-07-06T09:01:40.750+00:00,100750,404,MAIN,50,-6.0,3.2449936,101.7095551,90,11,3,12,7.8,1,1,1,1
2026-07-06T09:01:41.000+00:00,2026-07-06T09:01:41.000+00:00,101000,405,MAIN,49,-6.0,3.2449969,101.709564,89,11,3,14,7.8,1,1,1,1
2026-07-06T09:01:41.250+00:00,2026-07-06T09:01:41.250+00:00,101250,406,MAIN,47,-6.0,3.2450003,101.709573,87,11,3,14,7.8,1,1,1,1
2026-07-06T09:01:41.500+00:00,2026-07-06T09:01:41.500+00:00,101500,407,MAIN,46,-6.0,3.2450037,101.709582,86,11,3,14,7.8,1,1,1,1
2026-07-06T09:01:41.750+00:00,2026-07-06T09:01:41.750+00:00,101750,408,MAIN,44,-6.0,3.245007,101.709591,84,11,3,13,7.8,1,1,1,1
2026-07-06T09:01:42.000+00:00,2026-07-06T09:01:42.000+00:00,102000,409,MAIN,43,-6.0,3.2450104,101.7096,83,11,3,11,7.8,1,1,1,1
2026-07-06T09:01:42.250+00:00,2026-07-06T09:01:42.250+00:00,102250,410,MAIN,41,-6.0,3.2450138,101.709609,81,11,3,8,7.8,1,1,1,1
2026-07-06T09:01:42.500+00:00,2026-07-06T09:01:42.500+00:00,102500,411,MAIN,40,-6.0,3.2450171,101.709618,80,11,3,6,7.8,1,1,1,1
2026-07-06T09:01:42.750+00:00,2026-07-06T09:01:42.750+00:00,102750,412,MAIN,38,-6.0,3.2450205,101.709627,78,11,3,5,7.8,1,1,1,1
2026-07-06T09:01:43.000+00:00,2026-07-06T09:01:43.000+00:00,103000,413,MAIN,37,-6.0,3.2450239,101.709636,77,11,3,5,7.8,1,1,1,1
2026-07-06T09:01:43.250+00:00,2026-07-06T09:01:43.250+00:00,103250,414,MAIN,35,-6.0,3.2450273,101.709645,75,11,3,6,7.8,1,1,1,1
2026-07-06T09:01:43.500+00:00,2026-07-06T09:01:43.500+00:00,103500,415,MAIN,34,-6.0,3.2450306,101.709654,74,11,3,8,7.8,1,1,1,1
2026-07-06T09:01:44.000+00:00,2026-07-06T09:01:44.000+00:00,104000,417,MAIN,31,-6.0,3.2450374,101.709672,71,11,3,13,7.7,1,1,1,1
2026-07-06T09:01:44.250+00:00,2026-07-06T09:01:44.250+00:00,104250,418,MAIN,29,-6.0,3.2450407,101.709681,69,11,3,14,7.7,1,1,1,1
2026-07-06T09:01:44.500+00:00,2026-07-06T09:01:44.500+00:00,104500,419,MAIN,28,-6.0,3.2450441,101.70969,68,11,3,14,7.7,1,1,1,1
2026-07-06T09:01:44.750+00:00,2026-07-06T09:01:44.750+00:00,104750,420,MAIN,26,-6.0,3.2450475,101.709699,66,11,3,14,7.7,1,1,1,1
2026-07-06T09:01:45.000+00:00,2026-07-06T09:01:45.000+00:00,105000,421,MAIN,25,-6.0,3.2450508,101.709708,65,11,3,12,7.7,1,1,1,1
2026-07-06T09:01:45.250+00:00,2026-07-06T09:01:45.250+00:00,105250,422,MAIN,23,-6.0,3.2450542,101.709717,63,11,3,9,7.7,1,1,1,1
2026-07-06T09:01:45.500+00:00,2026-07-06T09:01:45.500+00:00,105500,423,MAIN,22,-6.0,3.2450576,101.709726,62,11,3,7,7.7,1,1,1,1
2026-07-06T09:01:45.750+00:00,2026-07-06T09:01:45.750+00:00,105750,424,MAIN,20,-6.0,3.2450609,101.709735,60,11,3,5,7.7,1,1,1,1
2026-07-06T09:01:46.000+00:00,2026-07-06T09:01:46.000+00:00,106000,425,MAIN,19,-6.0,3.2450643,101.709744,59,11,3,5,7.7,1,1,1,1
2026-07-06T09:01:46.250+00:00,2026-07-06T09:01:46.250+00:00,106250,426,MAIN,17,-6.0,3.2450677,101.709753,57,11,3,5,7.7,1,1,1,1
2026-07-06T09:01:46.500+00:00,2026-07-06T09:01:46.500+00:00,106500,427,MAIN,16,-6.0,3.245071,101.709762,56,11,3,7,7.7,1,1,1,1
2026-07-06T09:01:47.000+00:00,2026-07-06T09:01:47.000+00:00,107000,429,MAIN,13,-6.0,3.2450778,101.70978,53,11,3,11,7.7,1,1,1,1
2026-07-06T09:01:47.250+00:00,2026-07-06T09:01:47.250+00:00,107250,430,MAIN,11,-6.0,3.2450812,101.709789,51,11,3,13,7.7,1,1,1,1
2026-07-06T09:01:47.500+00:00,2026-07-06T09:01:47.500+00:00,107500,431,MAIN,10,-6.0,3.2450845,101.709798,50,11,3,14,7.7,1,1,1,1
2026-07-06T09:01:47.750+00:00,2026-07-06T09:01:47.750+00:00,107750,432,MAIN,8,-6.0,3.2450879,101.709807,48,11,3,14,7.7,1,1,1,1
2026-07-06T09:01:48.000+00:00,2026-07-06T09:01:48.000+00:00,108000,433,MAIN,7,-6.0,3.2450913,101.709816,47,11,3,13,7.7,1,1,1,1
2026-07-06T09:01:48.250+00:00,2026-07-06T09:01:48.250+00:00,108250,434,MAIN,5,-6.0,3.2450946,101.709825,45,11,3,11,7.7,1,1,1,1
2026-07-06T09:01:48.500+00:00,2026-07-06T09:01:48.500+00:00,108500,435,MAIN,4,-6.0,3.245098,101.709834,44,11,3,8,7.7,1,1,1,1
2026-07-06T09:01:49.000+00:00,2026-07-06T09:01:49.000+00:00,109000,437,MAIN,1,-6.0,3.2451047,101.709852,41,11,3,5,7.7,1,1,1,1
2026-07-06T09:01:49.250+00:00,2026-07-06T09:01:49.250+00:00,109250,438,LANDED,0,0.0,3.2451081,101.709861,40,11,3,3,7.7,1,1,1,1
2026-07-06T09:01:49.500+00:00,2026-07-06T09:01:49.500+00:00,109500,439,LANDED,0,0.0,3.2451115,101.70987,40,11,3,3,7.7,1,1,1,1
2026-07-06T09:01:49.750+00:00,2026-07-06T09:01:49.750+00:00,109750,440,LANDED,0,0.0,3.2451148,101.709879,40,11,3,3,7.7,1,1,1,1
2026-07-06T09:01:50.000+00:00,2026-07-06T09:01:50.000+00:00,110000,441,LANDED,0,0.0,3.2451182,101.709888,40,11,3,3,7.7,1,1,1,1
2026-07-06T09:01:50.250+00:00,2026-07-06T09:01:50.250+00:00,110250,442,LANDED,0,0.0,3.2451216,101.709897,40,11,3,3,7.7,1,1,1,1
2026-07-06T09:01:50.500+00:00,2026-07-06T09:01:50.500+00:00,110500,443,LANDED,0,0.0,3.2451249,101.709906,40,11,3,3,7.7,1,1,1,1
2026-07-06T09:01:50.750+00:00,2026-07-06T09:01:50.750+00:00,110750,444,LANDED,0,0.0,3.2451283,101.709915,40,11,3,3,7.7,1,1,1,1
2026-07-06T09:01:51.000+00:00,2026-07-06T09:01:51.000+00:00,111000,445,LANDED,0,0.0,3.2451317,101.7099239,40,11,3,3,7.7,1,1,1,1
2026-07-06T09:01:51.250+00:00,2026-07-06T09:01:51.250+00:00,111250,446,LANDED,0,0.0,3.2451351,101.7099329,40,11,3,3,7.7,1,1,1,1
2026-07-06T09:01:51.500+00:00,2026-07-06T09:01:51.500+00:00,111500,447,LANDED,0,0.0,3.2451384,101.7099419,40,11,3,3,7.7,1,1,1,1
2026-07-06T09:01:51.750+00:00,2026-07-06T09:01:51.750+00:00,111750,448,LANDED,0,0.0,3.2451418,101.7099509,40,11,3,3,7.7,1,1,1,1
2026-07-06T09:01:52.000+00:00,2026-07-06T09:01:52.000+00:00,112000,449,LANDED,0,0.0,3.2451452,101.7099599,40,11,3,3,7.7,1,1,1,1
2026-07-06T09:01:52.250+00:00,2026-07-06T09:01:52.250+00:00,112250,450,LANDED,0,0.0,3.2451485,101.7099689,40,11,3,3,7.7,1,1,1,1
